801,https://coloso.co.kr
802,https://intellicenter.co.kr
803,https://kosin.ac.kr
804,https://i-web.kr
805,https://spodrone.co.kr
806,https://softonic.kr
807,https://kshosting.co.kr
808,https://aexon.co.kr
809,https://opavt.co.kr
810,https://secomps.co.kr
811,https://beulah.kr
812,https://seoulleaders.kr
813,https://reople.co.kr
814,https://airport.co.kr
815,https://hannam.ac.kr
816,https://mimodern.co.kr
817,https://my-photo.kr
818,https://daouoffice.co.kr
819,https://kftc.or.kr
820,https://greenseogu.co.kr
821,https://wkdh.ac.kr
822,https://anyline.co.kr
823,https://soroweb.co.kr
824,https://sknetworks.co.kr
825,https://kwater.or.kr
826,https://rapa1459.co.kr
827,https://ckbrace.co.kr
828,https://nakakinpump.kr
829,https://lcd1004.co.kr
830,https://kunsan.ac.kr
831,https://fiumbio.co.kr
832,https://mindfarm.co.kr
833,https://iatom.co.kr
834,https://wonjunlab.co.kr
835,https://chuu.co.kr
836,https://hjdeaf.kr
837,https://medits.co.kr
838,https://mtosedu.co.kr
839,https://sun-design.co.kr
840,https://ecofon.kr
841,https://soldout.co.kr
842,https://icmms.co.kr
843,https://topds.kr
844,https://allcon.co.kr
845,https://hmc.co.kr
846,https://booyoung21.co.kr
847,https://mjinfo.co.kr
848,https://with-m.co.kr
849,https://citibank.co.kr
850,https://richmore.kr
851,https://lululemon.co.kr
852,https://dpgshop.co.kr
853,https://plaworld.kr
854,https://kodcad.kr
855,https://electus.co.kr
856,https://twip.kr
857,https://ebm.co.kr
858,https://virtusize.kr
859,https://echogreentm.co.kr
860,https://koreanpear.co.kr
861,https://techhub.co.kr
862,https://posco.co.kr
863,https://di-tech.kr
864,https://neople.co.kr
865,https://bccard.co.kr
866,https://golfa.co.kr
867,https://x-wing.co.kr
868,https://pretty4u.co.kr
869,https://0782.co.kr
870,https://damong.co.kr
871,https://usjsc.kr
872,https://dgb.co.kr
873,https://kaeri.re.kr
874,https://irvinederm.co.kr
875,https://sossl.co.kr
876,https://tpang.co.kr
877,https://cornervalley.co.kr
878,https://jhc.ac.kr
879,https://byapps.co.kr
880,https://medwin.kr
881,https://optotech.co.kr
882,https://daewoong.co.kr
883,https://wemep.co.kr
884,https://shinhaninden.kr
885,https://goodmetal.co.kr
886,https://zal.kr
887,https://event-us.kr
888,https://doortodoor.co.kr
889,https://enewstoday.co.kr
890,https://nicepay.co.kr
891,https://catchtable.co.kr
892,https://ybmnet.co.kr
893,https://exaw.co.kr
894,https://perdormire.co.kr
895,https://astrochair.co.kr
896,https://shop-websrepublic.co.kr
897,https://cafebombom.co.kr
898,https://partnerlaw.co.kr
899,https://ibrain.kr
900,https://koreawaterjet.co.kr
901,https://contentcave.co.kr
902,https://idsys.kr
903,https://dongguk.ac.kr
904,https://lashnbrow.kr
905,https://kongju.ac.kr
906,https://theguru.co.kr
907,https://iceserver.co.kr
908,https://xn--mk1bn0zbpe4rb9wi91d.kr
909,https://health.kr
910,https://sysprint.co.kr
911,https://880203.co.kr
912,https://somfriends.co.kr
913,https://joaskin.co.kr
914,https://kalm.co.kr
915,https://gvix.co.kr
916,https://se-eek.co.kr
917,https://gmkt.kr
918,https://kolon.co.kr
919,https://s1.co.kr
920,https://asonline.co.kr
921,https://sasolution.kr
922,https://hsecotour.co.kr
923,https://ksc.re.kr
924,https://mihi.co.kr
925,https://autodaily.co.kr
926,https://e-shinasys.co.kr
927,https://sw-k.co.kr
928,https://dspnbmall.co.kr
929,https://agchem.co.kr
930,https://fogni.co.kr
931,https://i-sh.co.kr
932,https://gntech.ac.kr
933,https://miraespring.co.kr
934,https://kemt.co.kr
935,https://jackworld.co.kr
936,https://okky.kr
937,https://kosis.kr
938,https://engltalk.co.kr
939,https://coabox.co.kr
940,https://dssusan.co.kr
941,https://suntech-eng.co.kr
942,https://ecoyourskin.co.kr
943,https://lotteca.co.kr
944,https://bluebiz.kr
945,https://sksilicone.co.kr
946,https://ics-korea.co.kr
947,https://qq.co.kr
948,https://carbomax.co.kr
949,https://widetrade.co.kr
950,https://bestntech.co.kr
951,https://kangnam.ac.kr
952,https://humanssb.co.kr
953,https://spad.kr
954,https://covi.co.kr
955,https://taxtrade.co.kr
956,https://eastwestco.co.kr
957,https://hkjbk.co.kr
958,https://webtro.kr
959,https://bizinkorea.co.kr
960,https://aqus.co.kr
961,https://xaxis.co.kr
962,https://dain-rmc.co.kr
963,https://anytoon.co.kr
964,https://cmcinternational.co.kr
965,https://iris-tech.co.kr
966,https://lec.co.kr
967,https://iregent.co.kr
968,https://univ100.kr
969,https://dyneco.kr
970,https://silla.ac.kr
971,https://systempro.kr
972,https://bc-ms.co.kr
973,https://k-village.co.kr
974,https://cbceo.kr
975,https://rentalchunha.co.kr
976,https://why-be.co.kr
977,https://i-tork.co.kr
978,https://vodo.kr
979,https://viewus.co.kr
980,https://nhsully.co.kr
981,https://inodea.co.kr
982,https://chungain.kr
983,https://adfork.co.kr
984,https://mv-academy.co.kr
985,https://mitsubishisvc.co.kr
986,https://newmoojin.co.kr
987,https://bluepops.co.kr
988,https://yootech.co.kr
989,https://gillette.co.kr
990,https://xn--vk1bo0k7odj4dwpa.kr
991,https://m-i.kr
992,https://gcmall.co.kr
993,https://ilyo.co.kr
994,https://paybooc.co.kr
995,https://doctornow.co.kr
996,https://networkbence.co.kr
997,https://f365.kr
998,https://saraminimage.co.kr
999,https://businesspost.co.kr
1000,https://2cpu.co.kr
1001,https://xcrypt.co.kr
1002,https://jinsungdns.co.kr
1003,https://ohmoney.co.kr
1004,https://yjeng2014.co.kr
1005,https://wsu.ac.kr
1006,https://goryoabacus.co.kr
1007,https://easy-sewing.co.kr
1008,https://unitel.co.kr
1009,https://aracamp.co.kr
1010,https://kyunghee.ac.kr
1011,https://knitandpurl.co.kr
1012,https://dispatch.co.kr
1013,https://idg.co.kr
1014,https://hotsunglass.co.kr
1015,https://megabox.co.kr
1016,https://luvenic.co.kr
1017,https://lotte.co.kr
1018,https://ice.go.kr
1019,https://kocca.kr
1020,https://hihompy.co.kr
1021,https://youn-hap.co.kr
1022,https://andongjebiwon.co.kr
1023,https://nhcmall.co.kr
1024,https://webzen.co.kr
1025,https://enterweb.co.kr
1026,https://windowsforum.kr
1027,https://hhcrane.co.kr
1028,https://yanjing.co.kr
1029,https://hgmall.co.kr
1030,https://damyangjeon.co.kr
1031,https://golfthings.co.kr
1032,https://krict.re.kr
1033,https://nipa.kr
1034,https://pskim.kr
1035,https://koreaherald.co.kr
1036,https://firstservice.kr
1037,https://ballop.co.kr
1038,https://anflower.co.kr
1039,https://wonkwang.ac.kr
1040,https://sejinroad.co.kr
1041,https://leadershipcareer.kr
1042,https://happyl.kr
1043,https://ictm.or.kr
1044,https://21g.co.kr
1045,https://kilian.co.kr
1046,https://the-good.kr
1047,https://milkt.co.kr
1048,https://liecloud.co.kr
1049,https://metroseoul.co.kr
1050,https://eland.co.kr
1051,https://atop21.co.kr
1052,https://machin.kr
1053,https://cityone.kr
1054,https://newsway.co.kr
1055,https://kimyoung.co.kr
1056,https://neolive.kr
1057,https://heypoll.co.kr
1058,https://ekn.kr
1059,https://klid.or.kr
1060,https://inje.ac.kr
1061,https://standardchartered.co.kr
1062,https://mvps.kr
1063,https://xn--989ao2vh9cj1dltae41ao4a25c096c.kr
1064,https://mediatoday.co.kr
1065,https://e-dolphin.co.kr
1066,https://rootnet.kr
1067,https://ders.co.kr
1068,https://bxbshop.co.kr
1069,https://scarrent.co.kr
1070,https://dongraehalmaepajun.co.kr
1071,https://kokoo.kr
1072,https://gametoc.co.kr
1073,https://ezalba.co.kr
1074,https://kojob.co.kr
1075,https://homepage1.co.kr
1076,https://srail.co.kr
1077,https://mci1.co.kr
1078,https://di-blanc.co.kr
1079,https://crowdworks.kr
1080,https://nidc.kr
1081,https://i-ansan.co.kr
1082,https://dino-farm.kr
1083,https://ipip.kr
1084,https://gtk.kr
1085,https://rda.go.kr
1086,https://skinedge.co.kr
1087,https://wanted.co.kr
1088,https://osongbeautyexpo.kr
1089,https://suntent.kr
1090,https://minelist.kr
1091,https://nanugo.kr
1092,https://watek.co.kr
1093,https://cims.co.kr
1094,https://sylc.co.kr
1095,https://h-hotel.co.kr
1096,https://bsoa.co.kr
1097,https://seonye.co.kr
1098,https://sen.go.kr
1099,https://iwinv.kr
1100,https://microsense.co.kr
1101,https://woodvalley.kr
1102,https://chonbuk.ac.kr
1103,https://kowaco.or.kr
1104,https://edujin.co.kr
1105,https://albamon.kr
1106,https://mustit.co.kr
1107,https://bmw.co.kr
1108,https://speckorea.co.kr
1109,https://h-point.co.kr
1110,https://farmtable.kr
1111,https://alcard.kr
1112,https://visa.go.kr
1113,https://k-eta.go.kr
1114,https://fit-girl.co.kr
1115,https://shiptrack.co.kr
1116,https://uu.ac.kr
1117,https://riccogroup.kr
1118,https://thedrive.co.kr
1119,https://credit.co.kr
1120,https://bkbox.co.kr
1121,https://timespread.co.kr
1122,https://cleandust.kr
1123,https://aldea.co.kr
1124,https://newens.co.kr
1125,https://hublaw.co.kr
1126,https://love.seoul.kr
1127,https://dycp.kr
1128,https://iptime.co.kr
1129,https://callad.kr
1130,https://sisain.co.kr
1131,https://totoview.co.kr
1132,https://songdulla.co.kr
1133,https://kigx.co.kr
1134,https://zlongame.co.kr
1135,https://bizwatch.co.kr
1136,https://lycos.co.kr
1137,https://galleria.co.kr
1138,https://hanta.co.kr
1139,https://bbnn.kr
1140,https://iscope.co.kr
1141,https://gnj.ne.kr
1142,https://knto.or.kr
1143,https://smartbill.co.kr
1144,https://icomas.co.kr
1145,https://arreonetworks.co.kr
1146,https://cuckoo.co.kr
1147,https://enetek.co.kr
1148,https://osen.co.kr
1149,https://lampda.co.kr
1150,https://tomimarket.co.kr
1151,https://heungkukfire.co.kr
1152,https://topnj.co.kr
1153,https://brakecaliper.co.kr
1154,https://dotank.kr
1155,https://youyanggse.co.kr
1156,https://ree-m.co.kr
1157,https://logivation.co.kr
1158,https://cu.co.kr
1159,https://jnsedb.kr
1160,https://ftc.go.kr
1161,https://joydragon.co.kr
1162,https://seoulmetro.co.kr
1163,https://ihani.co.kr
1164,https://chamtech.kr
1165,https://joongdo.co.kr
1166,https://bynn.kr
1167,https://knou.ac.kr
1168,https://hopejahwal.kr
1169,https://samchulywt.co.kr
1170,https://g-pia.co.kr
1171,https://soopt.co.kr
1172,https://cnmontessori.co.kr
1173,https://containerseal.co.kr
1174,https://hicomtech.co.kr
1175,https://aezian.co.kr
1176,https://asked.kr
1177,https://keris.or.kr
1178,https://peachtech.co.kr
1179,https://aia.co.kr
1180,https://sosoo.kr
1181,https://sffcorp.co.kr
1182,https://dsme.co.kr
1183,https://stickyhands.kr
1184,https://moonglowkorea.co.kr
1185,https://conocean.co.kr
1186,https://sycg.co.kr
1187,https://suwon.ac.kr
1188,https://ezday.co.kr
1189,https://1788.kr
1190,https://buybooks.co.kr
1191,https://nemc.or.kr
1192,https://use.go.kr
1193,https://seoulml.co.kr
1194,https://dabagirl.co.kr
1195,https://masskorea.co.kr
1196,https://plus-s.co.kr
1197,https://papaflower.co.kr
1198,https://grx.kr
1199,https://beanstour.co.kr
1200,https://nia.or.kr
