Site URL,Country Location
https://google.com,United States
https://amazonaws.com,United States
https://facebook.com,United States
https://microsoft.com,United States
https://apple.com,United States
https://youtube.com,United States
https://twitter.com,United States
https://instagram.com,United States
https://cloudflare.com,United States
https://linkedin.com,United States
https://netflix.com,United States
https://office.com,United States
https://digicert.com,United States
https://amazon.com,United States
https://icloud.com,United States
https://bing.com,United States
https://yahoo.com,United States
https://pinterest.com,United States
https://ui.com,United States
https://github.com,United States
https://adobe.com,United States
https://spotify.com,Sweden
https://vimeo.com,United States
https://wordpress.com,United States
https://qq.com,China
https://msn.com,United States
https://skype.com,United States
https://whatsapp.com,United States
https://roblox.com,United States
https://reddit.com,United States
https://opera.com,Norway
https://tiktok.com,China
https://snapchat.com,United States
https://dropbox.com,United States
https://baidu.com,China
https://tumblr.com,United States
https://criteo.com,France
https://intuit.com,United States
https://gravatar.com,United States
https://epicgames.com,United States
https://nytimes.com,United States
https://flickr.com,United States
https://datadoghq.com,United States
https://mozilla.com,United States
https://samsung.com,South Korea
https://paypal.com,United States
https://unity3d.com,United States
https://cnn.com,United States
https://soundcloud.com,Germany
https://example.com,Global
https://salesforce.com,United States
https://pubmatic.com,United States
https://doubleverify.com,United States
https://medium.com,United States
https://vk.com,Russia
https://theguardian.com,United Kingdom
https://ebay.com,United States
https://zemanta.com,United States
https://forbes.com,United States
https://appsflyer.com,United States
https://taboola.com,United States
https://applovin.com,United States
https://kaspersky.com,Russia
https://deviantart.com,United States
https://miui.com,China
https://sciencedirect.com,Netherlands
https://bbc.com,United Kingdom
https://cisco.com,United States
https://imdb.com,United States
https://discord.com,United States
https://hp.com,United States
https://ubuntu.com,United Kingdom
https://atlassian.com,Australia
https://staples.com,United States
https://issuu.com,United States
https://washingtonpost.com,United States
https://go.com,United States
https://nginx.com,United States
https://hubspot.com,United States
https://launchdarkly.com,United States
https://slack.com,United States
https://android.com,United States
https://mcafee.com,United States
https://tinyurl.com,United States
https://weebly.com,United States
https://shopify.com,Canada
https://reuters.com,United Kingdom
https://aol.com,United States
https://churchcenter.com,United States
https://grammarly.com,United States
https://atomile.com,United States
https://ibm.com,United States
https://dell.com,United States
https://canva.com,Australia
https://oracle.com,United States
https://sharethrough.com,United States
https://foxnews.com,United States
https://booking.com,Netherlands
https://espn.com,United States
https://hotjar.com,Malta
https://teamviewer.com,Germany
https://dnsmadeeasy.com,United States
https://avast.com,Czech Republic
https://bloomberg.com,United States
https://cnbc.com,United States
https://dailymotion.com,France
https://wsj.com,United States
https://weibo.com,China
https://etsy.com,United States
https://wiley.com,United States
https://steampowered.com,United States
https://indeed.com,United States
https://nature.com,United Kingdom
https://opendns.com,United States
https://stripe.com,United States
https://weather.com,United States
https://lijit.com,United States
https://springer.com,Germany
https://outbrain.com,United States
https://businessinsider.com,United States
https://quora.com,United States
https://unsplash.com,Canada
https://hostgator.com,United States
https://eset.com,Slovakia
https://roku.com,United States
https://stackoverflow.com,United States
https://eventbrite.com,United States
https://ups.com,United States
https://mi.com,China
https://tripadvisor.com,United States
https://trustpilot.com,Denmark
https://sohu.com,China
https://sophos.com,United Kingdom
https://walmart.com,United States
https://wix.com,Israel
https://ea.com,United States
https://godaddy.com,United States
https://amazontrust.com,United States
https://usatoday.com,United States
https://goodreads.com,United States
https://giphy.com,United States
https://trendmicro.com,Japan
https://globo.com,Brazil
https://taobao.com,China
https://time.com,United States
https://blogger.com,United States
https://duckduckgo.com,United States
https://att.com,United States
https://tradingview.com,United States
https://openai.com,United States
https://addtoany.com,United States
https://pixabay.com,Germany
https://statista.com,Germany
https://verisign.com,United States
https://arubanetworks.com,United States
https://scribd.com,United States
https://adtelligent.com,United States
https://cnet.com,United States
https://bilibili.com,China
https://healthline.com,United States
https://wired.com,United States
https://forter.com,United States
https://imgur.com,United States
https://surveymonkey.com,United States
https://ring.com,United States
https://mikrotik.com,Latvia
https://nvidia.com,United States
https://ted.com,United States
https://naver.com,South Korea
https://uber.com,United States
https://checkpoint.com,Israel
https://zendesk.com,United States
https://ft.com,United Kingdom
https://newrelic.com,United States
https://webmd.com,United States
https://squarespace.com,United States
https://netease.com,China
https://livejournal.com,United States
https://nikkei.com,Japan
https://mysql.com,United States
https://disqus.com,United States
https://alibaba.com,China
https://buzzfeed.com,United States
https://t-mobile.com,United States
https://braze.com,United States
https://britannica.com,United States
https://playstation.com,Japan
https://pandora.com,United States
https://mediatek.com,Taiwan
https://transmissionapp.com,United States
https://cbsnews.com,United States
https://yelp.com,United States
https://duolingo.com,United States
https://mailchimp.com,United States
https://bugsnag.com,United States
https://huawei.com,China
https://myspace.com,United States
https://jquery.com,United States
https://digitalocean.com,United States
https://theverge.com,United States
https://intel.com,United States
https://latimes.com,United States
https://onetrust.com,United States
https://techcrunch.com,United States
https://inmobi.com,India
https://steamcommunity.com,United States
https://verkada.com,United States
https://warnerbros.com,United States
https://marriott.com,United States
https://nike.com,United States
https://patreon.com,United States
https://tandfonline.com,United Kingdom
https://autodesk.com,United States
https://gumgum.com,United States
https://accuweather.com,United States
https://rackspace.com,United States
https://freepik.com,Spain
https://milanuncios.com,Spain
https://merriam-webster.com,United States
https://ikea.com,Sweden
https://hugedomains.com,United States
https://yandex.com,Russia
https://yieldmo.com,United States
https://getpocket.com,United States
https://pinimg.com,United States
https://conviva.com,United States
https://amplitude.com,United States
https://homedepot.com,United States
https://optimizely.com,United States
https://huffingtonpost.com,United States
https://wattpad.com,Canada
https://qualtrics.com,United States
https://riotgames.com,United States
https://nbcnews.com,United States
https://calendly.com,United States
https://fontawesome.com,United States
https://markmonitor.com,United States
https://prnewswire.com,United States
https://name.com,United States
https://badoo.com,United Kingdom
https://addthis.com,United States
https://theatlantic.com,United States
https://tapad.com,United States
https://target.com,United States
https://elpais.com,Spain
https://fandom.com,United States
https://hulu.com,United States
https://sportskeeda.com,India
https://stackadapt.com,Canada
https://w3schools.com,Norway
https://life360.com,United States
https://box.com,United States
https://flashtalking.com,United Kingdom
https://samsungapps.com,South Korea
https://mediafire.com,United States
https://viber.com,Japan
https://bitdefender.com,Romania
https://tp-link.com,China
https://coinmarketcap.com,United States
https://nationalgeographic.com,United States
https://temu.com,China
https://lenovo.com,China
https://investopedia.com,United States
https://klaviyo.com,United States
https://rspamd.com,Russia
https://sagepub.com,United Kingdom
https://zillow.com,United States
https://udemy.com,United States
https://33across.com,United States
https://deepl.com,Germany
https://bestbuy.com,United States
https://docker.com,United States
https://splashtop.com,United States
https://pccc.com,United States
https://shein.com,China
https://fedex.com,United States
https://huffpost.com,United States
https://bandcamp.com,United States
https://kickstarter.com,United States
https://fiverr.com,Israel
https://typeform.com,Spain
https://ai-lawandorder.com,United States
https://classdojo.com,United States
https://norton.com,United States
https://people.com,United States
https://mixpanel.com,United States
https://fast.com,United States
https://xfinity.com,United States
https://jotform.com,United States
https://indiatimes.com,India
https://kargo.com,United States
https://quantummetric.com,United States
https://dreamhost.com,United States
https://bankofamerica.com,United States
https://redhat.com,United States
https://okta.com,United States
https://upwork.com,United States
https://paloaltonetworks.com,United States
https://netgear.com,United States
https://adjust.com,Germany
https://mashable.com,United States
https://swrve.com,United States
https://dan.com,Netherlands
https://intentiq.com,United States
https://statcounter.com,Ireland
https://airbnb.com,United States
https://lowes.com,United States
https://hm.com,Sweden
https://istockphoto.com,United States
https://discordapp.com,United States
https://eporner.com,Global
https://shipt.com,United States
https://brave.com,United States
https://wayfair.com,United States
https://aniview.com,Israel
https://clever.com,United States
https://onetag-sys.com,United Kingdom
https://miwifi.com,China
https://immunet.com,United States
https://macys.com,United States
https://messenger.com,United States
https://economist.com,United Kingdom
https://rayjump.com,China
https://canonical.com,United Kingdom
https://usnews.com,United States
https://gitlab.com,United States
https://vmware.com,United States
https://twilio.com,United States
https://sectigo.com,United States
https://connatix.com,United States
https://genius.com,United States
https://disneyplus.com,United States
https://nypost.com,United States
https://mgid.com,United States
https://hilton.com,United States
https://theconversation.com,Australia
https://wikihow.com,United States
https://globalsign.com,Netherlands
https://unpkg.com,United States
https://arcgis.com,United States
https://businesswire.com,United States
https://jimdo.com,Germany
https://rapid7.com,United States
https://chartboost.com,United States
https://costco.com,United States
https://biblegateway.com,United States
https://realtor.com,United States
https://mediavine.com,United States
https://discogs.com,United States
https://instructure.com,United States
https://akismet.com,United States
https://xerox.com,United States
https://sharethis.com,United States
https://synology.com,Taiwan
https://quizlet.com,United States
https://onesignal.com,United States
https://ancestry.com,United States
https://mckinsey.com,United States
https://adroll.com,United States
https://innovid.com,United States
https://flurry.com,United States
https://creditkarma.com,United States
https://marketwatch.com,United States
https://pusher.com,United Kingdom
https://as.com,Spain
https://postrelease.com,United States
https://binance.com,Global
https://bol.com,Netherlands
https://asos.com,United Kingdom
https://viator.com,United States
https://psychologytoday.com,United States
https://avira.com,Germany
https://apnews.com,United States
https://newyorker.com,United States
https://chartbeat.com,United States
https://vidazoo.com,Israel
https://pexels.com,Germany
https://bitly.com,United States
https://utorrent.com,United States
https://dribbble.com,United States
https://sky.com,United Kingdom
https://highwebmedia.com,United States
https://constantcontact.com,United States
https://vice.com,United States
https://permutive.com,United Kingdom
https://linode.com,United States
https://agoda.com,Singapore
https://fortune.com,United States
https://flipkart.com,India
https://joinhoney.com,United States
https://chegg.com,United States
https://mdpi.com,Switzerland
https://mlb.com,United States
https://chess.com,United States
https://2gis.com,Russia
https://classlink.com,United States
https://expedia.com,United States
https://trendyol.com,Turkey
https://marca.com,Spain
https://youronlinechoices.com,Belgium
https://surfshark.com,Netherlands
https://moneycontrol.com,India
https://ilovepdf.com,Spain
https://gsmarena.com,Romania
https://nexusmods.com,United Kingdom
https://screenrant.com,United States
https://shutterstock.com,United States
https://sciencedaily.com,United States
https://gofundme.com,United States
https://tokopedia.com,Indonesia
https://infobae.com,Argentina
https://quizizz.com,United States
https://goal.com,United Kingdom
https://perfectdomain.com,United States
https://trello.com,United States
https://biomedcentral.com,United Kingdom
https://n-able.com,Canada
https://bfmtv.com,France
https://clarin.com,Argentina
https://newsweek.com,United States
https://typepad.com,United States
https://pch.com,United States
https://poki.com,Netherlands
https://wordreference.com,United States
https://plesk.com,Germany
https://bmj.com,United Kingdom
https://vivo.com,China
https://espncricinfo.com,United States
https://zoho.com,India
https://aparat.com,Iran
https://quillbot.com,United States
https://fastcompany.com,United States
https://india.com,India
https://parsely.com,United States
https://bet365.com,United Kingdom
https://dafont.com,France
https://wpengine.com,United States
https://detik.com,Indonesia
https://zdnet.com,United States
https://coupang.com,South Korea
https://xing.com,Germany
https://cloudinary.com,United States
https://beget.com,Russia
https://lwsdns.com,United States
https://udn.com,Taiwan
https://ixl.com,United States
https://fetlife.com,Canada
https://flashscore.com,Czech Republic
https://cookpad.com,Japan
https://sedo.com,Germany
https://uisp.com,Latvia
https://tabelog.com,Japan
https://kohls.com,United States
https://spectrum.com,United States
https://livescore.com,United Kingdom
https://cricbuzz.com,India
https://wyzecam.com,United States
https://vox.com,United States
https://livedoor.com,Japan
https://varzesh3.com,Iran
https://datto.com,United States
https://cloud.com,United States
https://betano.com,Portugal
https://meetup.com,United States
https://timesofindia.com,India
https://ria.com,Russia
https://indiamart.com,India
https://studocu.com,Netherlands
https://verizon.com,United States
https://watchguard.com,United States
https://trustarc.com,United States
https://myntra.com,India
https://maxpreps.com,United States
https://mundodeportivo.com,Spain
https://ixbt.com,Russia
https://dw.com,Germany
https://donga.com,South Korea
https://blooket.com,United States
https://makemytrip.com,India
https://byjus.com,India
https://adswizz.com,France
https://digikala.com,Iran
https://zhihu.com,China
https://dlsite.com,Japan
https://fmkorea.com,South Korea
https://americanexpress.com,United States
https://coolmathgames.com,United States
https://oreilly.com,United States
https://revcontent.com,United States
https://elsevier.com,Netherlands
https://mynet.com,Turkey
https://noodlemagazine.com,Global
https://fc2.com,Japan
https://tplinkcloud.com,China
https://cdiscount.com,France
https://mparticle.com,United States
https://futbin.com,United Kingdom
https://dcinside.com,South Korea
https://funpay.com,Russia
https://gelbooru.com,Global
https://jd.com,China
https://ringcentral.com,United States
https://fitbit.com,United States
https://nintendo.com,Japan
https://starfall.com,United States
https://nesine.com,Turkey
https://medicalnewstoday.com,United States
https://haberler.com,Turkey
https://litnet.com,Russia
https://samsungknox.com,South Korea
https://russianfood.com,Russia
https://nairaland.com,Nigeria
https://betweendigital.com,United Kingdom
https://scientificamerican.com,United States
https://funnyjunk.com,United States
https://1024tera.com,China
https://3bmeteo.com,Italy
https://cnnindonesia.com,Indonesia
https://nikkansports.com,Japan
https://vidoomy.com,Spain
https://betnacional.com,Colombia
https://cnbcindonesia.com,Indonesia
https://dondominio.com,Spain
https://dynatrace.com,United States
https://typing.com,United States